{"cameraMode":{"drawMode":0,"name":"Shaded","section":"Shading Mode"},"sceneLighting":false,"audioPlay":false,"sceneViewState":{"showFog":false,"showMaterialUpdate":false,"showSkybox":false,"showFlares":false,"showImageEffects":false,"showParticleSystems":false},"in2DMode":false,"pivot":{"x":-1.6699999570846558,"y":0.7999999523162842,"z":1.0099999904632569},"rotation":{"x":-0.282910019159317,"y":0.13523896038532258,"z":-0.040329109877347949,"w":-0.9487075805664063},"size":5.787033557891846,"orthographic":false}