{"cameraMode":{"drawMode":0,"name":"Shaded","section":"Shading Mode"},"sceneLighting":true,"audioPlay":false,"sceneViewState":{"showFog":false,"showMaterialUpdate":false,"showSkybox":false,"showFlares":false,"showImageEffects":false,"showParticleSystems":false},"in2DMode":false,"pivot":{"x":-17.924150466918947,"y":18.93537139892578,"z":12.496517181396485},"rotation":{"x":-0.20854739844799043,"y":0.1234375610947609,"z":-0.02654350735247135,"w":-0.969828188419342},"size":94.3270263671875,"orthographic":false}